item_id,store_id,forecast_demand,actual_demand,avg_daily_demand,demand_std,lead_time_demand,safety_stock,reorder_point,recommended_stock
HOBBIES_1_001,CA_1,25.0,26,0.2989634478996181,0.6666444808425909,2.092744135297327,2.90141071263936,4.994154847936686,28.0
HOBBIES_1_001,CA_2,15.0,17,0.2733224222585925,0.6674208433383797,1.9132569558101475,2.9047896447792105,4.8180466005893585,18.0
HOBBIES_1_001,CA_3,24.0,27,0.3807965084560829,0.8046684327257764,2.6655755591925807,3.5021269626089624,6.167702521801543,28.0
HOBBIES_1_001,CA_4,13.0,13,0.32296781232951444,0.7004377355220813,2.260774686306601,3.0484877738911056,5.309262460197706,17.0
HOBBIES_1_001,TX_1,6.0,8,0.1320240043644299,0.4231627324250477,0.9241680305510094,1.8417146175064174,2.765882648057427,8.0
HOBBIES_1_001,TX_2,8.0,7,0.21058374249863612,0.5372147742233514,1.4740861974904529,2.3380988603546315,3.8121850578450847,11.0
HOBBIES_1_001,TX_3,8.0,8,0.19912711402073105,0.5012640154649224,1.3938897981451173,2.181631778444073,3.5755215765891903,11.0
HOBBIES_1_001,WI_1,7.0,8,0.08346972176759411,0.34036097952139444,0.5842880523731587,1.4813397853375105,2.0656278377106694,9.0
HOBBIES_1_001,WI_2,5.0,6,0.05837424986361157,0.29805954980802934,0.408619749045281,1.2972329264984608,1.7058526755437418,7.0
HOBBIES_1_001,WI_3,2.0,2,0.11456628477905073,0.38810161088201317,0.8019639934533551,1.689119468869567,2.491083462322922,4.0
HOBBIES_1_002,CA_1,1.0,1,0.2635024549918167,0.5769065194869122,1.8445171849427169,2.510847691583972,4.355364876526689,4.0
HOBBIES_1_002,CA_2,3.0,3,0.176759410801964,0.4522686330381759,1.237315875613748,1.968391090899267,3.2057069665130147,5.0
HOBBIES_1_002,CA_3,3.0,3,0.24495362793235134,0.5393954955111464,1.7146753955264593,2.347589928363913,4.062265323890372,6.0
HOBBIES_1_002,CA_4,4.0,5,0.1723949809056192,0.4392848408673382,1.2067648663393344,1.9118822398133966,3.118647106152731,6.0
HOBBIES_1_002,TX_1,1.0,2,0.11838516093835243,0.3506936514389657,0.828696126568467,1.5263102693861257,2.3550063959545926,3.0
HOBBIES_1_002,TX_2,4.0,5,0.15984724495362793,0.41146555965738313,1.1189307146753955,1.7908054697507803,2.9097361844261758,6.0
HOBBIES_1_002,TX_3,3.0,3,0.19148936170212766,0.48435526071488033,1.3404255319148937,2.108040466164466,3.4484659980793597,6.0
HOBBIES_1_002,WI_1,17.0,18,0.5984724495362793,0.9548988042987893,4.189307146753955,4.15596873580539,8.345275882559346,22.0
HOBBIES_1_002,WI_2,13.0,13,0.41080196399345337,0.6866101311684933,2.8756137479541737,2.988306432029652,5.863920179983825,16.0
HOBBIES_1_002,WI_3,7.0,7,0.3518821603927987,0.6706722848136516,2.4631751227495906,2.9189407664024634,5.382115889152054,10.0
HOBBIES_1_003,CA_1,15.0,16,0.14020731042007636,0.46196296640146545,0.9814511729405345,2.010583359012842,2.9920345319533768,18.0
HOBBIES_1_003,CA_2,15.0,15,0.06601200218221495,0.30012056141533056,0.4620840152755047,1.3062029867451754,1.76828700202068,17.0
HOBBIES_1_003,CA_3,5.0,6,0.06382978723404255,0.30240296261416794,0.44680851063829785,1.3161365922562833,1.762945102894581,7.0
HOBBIES_1_003,CA_4,7.0,7,0.07910529187124932,0.31994279363684186,0.5537370430987452,1.392474513126413,1.946211556225158,9.0
HOBBIES_1_003,TX_1,6.0,6,0.046917621385706494,0.26012791252346434,0.32842334969994547,1.132144544417677,1.4605678941176223,8.0
HOBBIES_1_003,TX_2,2.0,2,0.05346426623022368,0.2436536192940876,0.37424986361156576,1.0604441220299274,1.434693985641493,4.0
HOBBIES_1_003,TX_3,7.0,7,0.0894708128750682,0.35992386589449915,0.6262956901254774,1.5664825709214127,2.19277826104689,9.0
HOBBIES_1_003,WI_1,9.0,10,0.0856519367157665,0.3300395685021533,0.5995635570103655,1.4364183116564717,2.035981868666837,11.0
HOBBIES_1_003,WI_2,7.0,7,0.05182760501909438,0.2495371014970983,0.36279323513366063,1.0860505716173632,1.4488438067510239,9.0
HOBBIES_1_003,WI_3,2.0,3,0.02182214948172395,0.17965140009798863,0.15275504637206766,0.7818897654806214,0.9346448118526891,3.0
HOBBIES_1_004,CA_1,49.0,51,1.7375886524822695,1.995461573083486,12.163120567375886,8.684769395355838,20.847889962731724,58.0
HOBBIES_1_004,CA_2,63.0,62,3.9607201309328968,3.3976915366277183,27.725040916530276,14.787640047894522,42.512680964424796,78.0
HOBBIES_1_004,CA_3,157.0,157,5.51936715766503,3.746728009654727,38.63557010365521,16.30673784446286,54.94230794811807,174.0
HOBBIES_1_004,CA_4,21.0,21,0.8303327877795963,1.0732540144741392,5.812329514457174,4.671081490155975,10.48341100461315,26.0
HOBBIES_1_004,TX_1,21.0,23,1.5602836879432624,1.6219678887514948,10.921985815602838,7.059227434137896,17.981213249740733,29.0
HOBBIES_1_004,TX_2,32.0,33,1.873977086743044,2.1016588253691357,13.117839607201308,9.146967544877763,22.264807152079072,42.0
HOBBIES_1_004,TX_3,21.0,23,1.711947626841244,1.8473261018329166,11.983633387888707,8.04004517493622,20.023678562824927,30.0
HOBBIES_1_004,WI_1,7.0,6,0.4768139661756683,0.758238806834047,3.337697763229678,3.300053116927625,6.637750880157303,11.0
HOBBIES_1_004,WI_2,15.0,13,0.2989634478996181,0.6844211649903849,2.092744135297327,2.9787794801065797,5.0715236154039065,18.0
HOBBIES_1_004,WI_3,12.0,14,2.7435897435897436,2.4254706448574157,19.205128205128204,10.556281067964406,29.76140927309261,23.0
HOBBIES_1_005,CA_1,29.0,29,0.9732678668848882,1.3015967112062834,6.812875068194217,5.664888482474026,12.477763550668243,35.0
HOBBIES_1_005,CA_2,31.0,32,1.0703764320785598,1.3154111383993343,7.4926350245499185,5.725012473894813,13.21764749844473,37.0
HOBBIES_1_005,CA_3,39.0,38,1.381342062193126,1.50951167284733,9.669394435351883,6.569788641942644,16.239183077294527,46.0
HOBBIES_1_005,CA_4,23.0,25,0.4686306601200218,1.0259850583911914,3.2804146208401526,4.465354660495583,7.745769281335736,28.0
HOBBIES_1_005,TX_1,23.0,25,0.5859247135842881,0.9668966410202281,4.101472995090017,4.208186451533092,8.309659446623108,28.0
HOBBIES_1_005,TX_2,8.0,8,1.0861974904528096,1.7586934406489,7.603382433169667,7.654292708608126,15.257675141777792,16.0
HOBBIES_1_005,TX_3,15.0,14,0.530278232405892,0.8301659611072676,3.711947626841244,3.6130988586012323,7.325046485442476,19.0
HOBBIES_1_005,WI_1,19.0,20,0.6993998908892526,1.0389177428236087,4.895799236224768,4.521641077369497,9.417440313594266,24.0
HOBBIES_1_005,WI_2,15.0,16,0.303873431533006,0.6276657119680925,2.127114020731042,2.731764940675537,4.858878961406579,18.0
HOBBIES_1_005,WI_3,11.0,11,0.5777414075286416,1.0330699600045183,4.044189852700491,4.496190000815091,8.540379853515581,16.0
